{
  "hash": "43d03fca",
  "configHash": "17ea105b",
  "lockfileHash": "09b39b94",
  "browserHash": "1dca9189",
  "optimized": {
    "@angular/common": {
      "src": "../../../../../../node_modules/@angular/common/fesm2022/common.mjs",
      "file": "@angular_common.js",
      "fileHash": "1f6cc92f",
      "needsInterop": false
    },
    "@angular/common/http": {
      "src": "../../../../../../node_modules/@angular/common/fesm2022/http.mjs",
      "file": "@angular_common_http.js",
      "fileHash": "b03b4c4e",
      "needsInterop": false
    },
    "@angular/core": {
      "src": "../../../../../../node_modules/@angular/core/fesm2022/core.mjs",
      "file": "@angular_core.js",
      "fileHash": "bf4c2c4c",
      "needsInterop": false
    },
    "@angular/platform-browser": {
      "src": "../../../../../../node_modules/@angular/platform-browser/fesm2022/platform-browser.mjs",
      "file": "@angular_platform-browser.js",
      "fileHash": "b9d3da7f",
      "needsInterop": false
    },
    "@angular/router": {
      "src": "../../../../../../node_modules/@angular/router/fesm2022/router.mjs",
      "file": "@angular_router.js",
      "fileHash": "073dff96",
      "needsInterop": false
    }
  },
  "chunks": {
    "chunk-Y4KXDC2H": {
      "file": "chunk-Y4KXDC2H.js"
    },
    "chunk-WB5BPZ5F": {
      "file": "chunk-WB5BPZ5F.js"
    },
    "chunk-G23T73L5": {
      "file": "chunk-G23T73L5.js"
    },
    "chunk-OUKLWVP2": {
      "file": "chunk-OUKLWVP2.js"
    },
    "chunk-XKWSCZ4C": {
      "file": "chunk-XKWSCZ4C.js"
    }
  }
}